<?xml version="1.0" encoding="UTF-8"?>
<beans xmlns="http://www.springframework.org/schema/beans"
	xmlns:xsi="http://www.w3.org/2001/XMLSchema-instance"
	xmlns:tx="http://www.springframework.org/schema/tx"
	xsi:schemaLocation="http://www.springframework.org/schema/beans https://www.springframework.org/schema/beans/spring-beans.xsd
		http://www.springframework.org/schema/tx http://www.springframework.org/schema/tx/spring-tx-4.1.xsd">
	
	<!-- Root Context: defines shared resources visible to all other web components -->
	<!-- 커넥션풀(DataSource) -->
	<bean class="org.springframework.jdbc.datasource.DriverManagerDataSource" id="dataSource">
		<property name="driverClassName" value="oracle.jdbc.driver.OracleDriver"/>
		<property name="url" value="jdbc:oracle:thin:@localhost:1521:xe"/>
		<property name="username" value="marry"/>
		<property name="password" value="1234"/>
	</bean>
	
	<bean class="org.mybatis.spring.SqlSessionFactoryBean" id="sqlSessionFactory">
		<property name="dataSource" ref="dataSource"/> 
		<!-- 참조한다는 의미의 ref사용 value 대신 -->
		<property name="configLocation"	value="classpath:mybatis-config.xml"/>
		<property name="mapperLocations" value="classpath:mappers/*-mapper.xml"/>
		
	</bean>
	
	<bean class="org.mybatis.spring.SqlSessionTemplate" destroy-method="clearCache">
		<constructor-arg name="sqlSessionFactory" ref="sqlSessionFactory"></constructor-arg>
	</bean>	
	
	<bean id="transactionManager" class="org.springframework.jdbc.datasource.DataSourceTransactionManager">
		<property name="dataSource" ref="dataSource"></property>
	</bean>
	
	<!-- @Transactional -->
	<tx:annotation-driven/>
	
</beans>
