<?xml version="1.0" encoding="UTF-8"?>
<beans:beans xmlns="http://www.springframework.org/schema/mvc"
	xmlns:xsi="http://www.w3.org/2001/XMLSchema-instance"
	xmlns:beans="http://www.springframework.org/schema/beans"
	xmlns:context="http://www.springframework.org/schema/context"
	xmlns:aop="http://www.springframework.org/schema/aop"
	xsi:schemaLocation="http://www.springframework.org/schema/mvc https://www.springframework.org/schema/mvc/spring-mvc.xsd
		http://www.springframework.org/schema/beans https://www.springframework.org/schema/beans/spring-beans.xsd
		http://www.springframework.org/schema/context https://www.springframework.org/schema/context/spring-context.xsd
		http://www.springframework.org/schema/aop http://www.springframework.org/schema/aop/spring-aop-4.1.xsd">

	<!-- DispatcherServlet Context: defines this servlet's request-processing infrastructure -->
	
	<!-- Enables the Spring MVC @Controller programming model -->
	<annotation-driven />
	
	<aop:aspectj-autoproxy></aop:aspectj-autoproxy>	

	<!-- Handles HTTP GET requests for /resources/** by efficiently serving up static resources in the ${webappRoot}/resources directory -->
	<resources mapping="/**" location="/resources/" />

	<!-- Resolves views selected for rendering by @Controllers to .jsp resources in the /WEB-INF/views directory -->
	<beans:bean class="org.springframework.web.servlet.view.InternalResourceViewResolver">
		<beans:property name="prefix" value="/WEB-INF/views/" />
		<beans:property name="suffix" value=".jsp" />
	</beans:bean>
	
	<context:component-scan base-package="com.kh.mw" />
	
	<beans:bean class="org.springframework.web.multipart.commons.CommonsMultipartResolver" id="multipartResolver">
		<beans:property name="maxUploadSize" value="100000000"/>
	</beans:bean>
	
	<!-- 로그인 인터셉터 빈 -->
	<beans:bean id="loginInterceptor" class="com.kh.mw.interceptor.LoginInterceptor">
   	</beans:bean>
   	<beans:bean id="urlInterceptor" class="com.kh.mw.interceptor.UrlInterceptor">
	</beans:bean>
<!-- 	<beans:bean id="yurlInterceptor" class="com.kh.mw.interceptor.YurlInterceptor"> -->
<!-- 	</beans:bean> -->

   
   	
   	<interceptors>
<!--    		<interceptor> -->
<!-- 			<mapping path="/create/**/*"/> -->
<!-- 				<exclude-mapping path="/create/invite"/> -->
<!-- 			<beans:ref bean="yurlInterceptor"/> -->
<!-- 		</interceptor> -->
    	<interceptor>
    		<mapping path="/user/**/*"/>
    		<mapping path="/guest/**/*"/>
    		<mapping path="/qna/**/*"/>
<!--     		<mapping path="/create/**/*"/> -->
    		<exclude-mapping path="/user/login"/>
    		<exclude-mapping path="/qna/qnaList"/>
    		<exclude-mapping path="/user/register"/>
    		<exclude-mapping path="/user/isExistId"/>
    		<exclude-mapping path="/user/isExistUrl"/>
    		<exclude-mapping path="/user/register_run"/>
    		<beans:ref bean="loginInterceptor"/>
    	</interceptor>
    	<interceptor>
<!-- 			<mapping path="/url/**/*"/> -->
			<mapping path="/url/*"/>
			<exclude-mapping path="/url/home"/>
			<beans:ref bean="urlInterceptor"/>
		</interceptor>
		
    </interceptors>
	
</beans:beans>
