<?xml version="1.0" encoding="UTF-8"?>
<!DOCTYPE mapper
  PUBLIC "-//mybatis.org//DTD Mapper 3.0//EN"
  "https://mybatis.org/dtd/mybatis-3-mapper.dtd">

 <mapper namespace="mappers.qna">
 
 	<insert id="insert">
 		insert into tbl_Yqna(userid, ques, answer, qno)
 		values(#{userid}, #{ques,jdbcType=VARCHAR}, #{answer,jdbcType=VARCHAR}, seq_Yqna_qno.nextval)
 	</insert>
 	
 	<select id="search" resultType="Y_QnaVo">
 		
 		select * from
 		(select rownum rnum, a. * from 
 			<![CDATA[
 			(select * from tbl_Yqna
 			where userid = #{userid}
 				and qno > 0 
 			order by qno desc)a)
 			]]>
 		where rnum between #{startRow} and #{endRow}
 		
 	</select>
 	<select id="countqna" resultType= "int">
 		select count(*) from tbl_Yqna
 			where userid = #{userid}
 	</select>
 	<select id= "isExistQno" resultType="Y_QnaVo">
 		select * from tbl_Yqna
 		where userid = #{userid}
 		  and qno = #{qno}
 	</select>
 	<select id="getNextval" resultType="int">
 		select seq_Yqna_qno.nextval from dual
 	</select>
 	<update id="update">
 		update tbl_Yqna set
 			ques = #{ques,jdbcType=VARCHAR},
 			answer = #{answer,jdbcType=VARCHAR}
 		where userid = #{userid}
 				and qno = ${qno}
 	</update>
 	
 	<update id="updateLikeCnt">
 		update tbl_Yqna set
 			likecount = likecount + #{count}
 			where qno = #{qno}
 	</update> 
 	<delete id="delQna"> 
 		delete from tbl_Yqna 
 		where userid = #{userid} 
 		and qno = #{qno} 
 	</delete>
 	<delete id="delete">
 		delete from tbl_Yqna
 			where userid = #{userid}
 	</delete>
 </mapper>
 