<?xml version="1.0" encoding="UTF-8"?>
<!DOCTYPE mapper
  PUBLIC "-//mybatis.org//DTD Mapper 3.0//EN"
  "https://mybatis.org/dtd/mybatis-3-mapper.dtd">

 <mapper namespace="mappers.travel">
 
	<insert id="insert">
		insert into tbl_Ytravel(userid, wedPlace, tvl_addr, tvlDetail, mapPic)
					values(#{userid}, #{wedPlace,jdbcType=VARCHAR}, #{tvl_addr,jdbcType=VARCHAR},
							 #{tvlDetail,jdbcType=VARCHAR}, #{mapPic,jdbcType=VARCHAR})
	</insert>
	
	<select id="search" resultType="Y_TravelVo">
		select * from tbl_Ytravel
			where userid = #{userid}	
	</select>
	
	<update id="update">
		update tbl_Ytravel set
			wedPlace = #{wedPlace,jdbcType=VARCHAR},
			tvl_addr = #{tvl_addr,jdbcType=VARCHAR}, 
			tvlDetail = #{tvlDetail,jdbcType=VARCHAR},
		<choose>
			<when test="mapPic == null">
				mapPic = mapPic
			</when>
			<when test="mapPic != null">
				mapPic = #{mapPic}
			</when>
		</choose>
		where userid = #{userid}	
	</update>
	
	<delete id="delete">
		delete from tbl_Ytravel
		where userid = #{userid}	
	</delete>
	
</mapper>